age,education_num,hours_per_week,occupation,annual_income
23,14,36.2,technical,148878.17
62,8,35.4,technical,120613.8
55,14,47.7,service,168408.76
43,8,48.2,sales,117521.52
43,8,34.6,professional,111930.97
67,9,36.0,management,123650.47
22,12,45.4,service,125827.39
58,13,31.7,management,140898.23
29,11,35.9,service,124985.1
23,9,40.9,sales,114377.1
48,9,50.0,service,123959.88
74,15,34.0,technical,170058.16
60,16,21.6,sales,181162.88
62,14,20.8,sales,152825.99
59,8,27.4,sales,107490.6
63,15,26.9,professional,176346.34
47,14,38.5,management,159548.1
25,12,28.1,management,115742.97
66,9,33.0,service,122474.09
44,16,32.3,technical,172698.67
47,11,35.6,management,127458.55
39,8,53.2,professional,104792.87
28,9,46.6,service,105440.73
71,11,40.2,service,151638.94
63,8,35.4,service,117835.82
55,10,35.7,service,118702.27
41,12,43.3,management,144886.05
65,16,45.8,professional,176248.86
49,8,30.9,sales,103835.87
43,13,40.4,management,142962.02
44,16,19.7,professional,165927.46
31,15,42.1,professional,161911.24
23,16,47.6,technical,172954.0
50,9,37.2,professional,113190.67
69,15,58.2,technical,197499.7
21,16,31.2,service,156464.22
67,10,42.2,service,128743.78
66,12,39.6,technical,166310.99
34,12,39.0,technical,121850.84
54,12,38.9,professional,147852.48
27,10,41.1,sales,113796.68
61,16,48.5,sales,194493.62
58,16,53.8,technical,190301.01
38,11,40.0,management,131607.64
21,15,48.2,sales,144437.86
74,11,33.0,professional,147155.27
43,15,47.7,professional,166043.58
69,13,32.4,service,156399.28
57,12,50.9,professional,156640.01
63,9,62.1,service,147623.82
62,13,38.8,technical,157190.04
29,10,18.1,service,105088.3
39,9,34.5,management,108970.6
45,9,52.3,management,116834.24
46,16,45.5,sales,178903.44
20,8,42.5,sales,90851.51
49,15,50.1,service,170715.4
26,15,44.8,sales,159045.65
61,8,52.2,management,128351.83
57,13,49.2,technical,151310.28
71,13,55.2,technical,164027.1
61,11,43.6,service,147076.7
39,14,49.1,service,152823.42
74,11,36.9,technical,151716.94
41,11,34.0,sales,130110.89
36,11,57.1,management,125968.9
70,15,42.2,service,176410.15
39,13,48.0,sales,159303.32
22,11,41.2,service,118008.65
45,16,34.1,service,170887.31
64,15,40.1,sales,174185.81
28,16,54.4,professional,169518.31
44,14,45.6,sales,151958.96
25,11,22.9,service,113471.95
57,14,37.8,service,159511.13
45,10,57.8,sales,140183.45
37,10,37.9,sales,113892.89
31,12,22.0,technical,112970.11
50,16,58.9,professional,187979.02
56,13,46.8,management,142588.74
72,11,39.3,service,148872.81
43,12,36.3,technical,134905.95
27,10,50.8,service,121986.62
66,13,34.6,sales,147650.78
54,11,51.5,professional,151310.41
58,12,45.4,sales,156870.49
23,11,42.4,management,125226.91
36,10,41.5,sales,117430.5
62,16,38.3,professional,194366.21
66,11,50.5,professional,142030.81
43,8,31.3,sales,107404.57
64,11,23.8,technical,130509.73
66,12,46.1,professional,146799.83
40,8,46.3,technical,101594.04
70,10,44.8,sales,143450.14
34,9,44.1,technical,105046.24
31,12,36.8,professional,130336.03
57,14,47.9,technical,158321.47
54,16,39.5,service,169061.5
26,11,35.1,service,124084.27
66,15,36.9,sales,185755.31
29,9,60.2,sales,108954.77
64,15,22.7,sales,170634.15
18,13,45.0,technical,138668.3
64,14,23.2,service,164133.56
63,14,38.9,management,170312.03
63,12,35.7,service,156788.07
56,10,19.1,technical,114755.57
45,12,43.9,service,141796.89
58,15,36.2,sales,173789.79
34,16,19.0,professional,155819.62
63,16,48.4,service,191522.1
50,9,54.4,service,127727.86
44,13,54.9,professional,155912.0
47,8,43.6,sales,105488.62
50,14,40.5,professional,166308.85
20,16,53.3,management,160296.57
26,8,56.8,management,103463.73
32,13,51.3,management,143407.97
24,16,30.6,sales,159287.42
43,15,42.0,sales,152829.24
56,11,44.4,sales,147051.13
55,8,21.9,technical,101575.81
45,16,44.7,professional,187349.45
67,16,62.7,professional,201631.59
50,13,46.4,professional,154894.83
22,16,54.7,professional,181281.59
62,8,41.8,sales,120032.47
51,13,39.3,professional,160042.49
54,8,43.8,professional,117579.93
50,16,31.8,service,178551.38
50,14,30.4,technical,155997.83
23,16,52.7,professional,173913.92
50,13,53.7,management,154784.6
64,8,30.1,professional,110381.74
35,8,49.7,sales,103102.39
52,11,39.1,technical,136212.71
19,14,43.4,management,139577.48
38,9,44.6,management,118109.67
43,15,49.9,sales,179445.7
74,10,40.8,technical,137684.86
30,12,54.1,sales,131939.74
34,9,43.1,technical,100527.9
41,12,46.2,service,153284.96
75,12,31.7,management,157851.93
67,8,61.6,sales,139320.48
20,13,44.7,service,124565.35
31,15,47.1,sales,161009.9
65,16,23.9,management,185303.3
21,10,31.8,management,100305.07
67,15,52.4,service,196096.46
34,15,42.9,sales,175800.82
71,16,20.9,sales,178356.51
35,11,50.4,professional,123209.9
43,15,34.6,professional,156799.8
56,13,54.1,service,174095.21
25,8,39.1,management,101221.35
50,10,42.0,sales,127017.82
47,14,51.8,professional,165465.75
63,9,31.0,service,118217.94
75,11,30.1,service,152467.39
56,14,38.0,sales,161493.76
41,9,48.3,professional,115920.64
41,12,26.7,professional,133291.83
42,9,23.3,professional,103365.53
65,12,48.2,professional,156457.71
36,10,34.0,service,113725.22
27,16,36.1,management,167250.77
37,8,21.4,management,103818.89
19,16,33.2,sales,158709.48
24,15,39.9,professional,157375.94
23,15,49.3,technical,155314.04
62,15,32.3,service,169953.56
59,9,56.6,service,139028.16
58,16,33.2,sales,183286.21
44,13,33.2,sales,134488.58
59,16,55.4,sales,192961.22
27,15,42.1,management,154920.22
70,13,34.5,sales,159338.56
47,11,38.4,technical,141320.92
72,9,53.5,professional,145322.54
26,8,54.7,management,112618.89
46,11,31.8,sales,129062.77
58,15,39.6,professional,176291.65
46,12,40.9,service,134562.5
43,12,30.1,technical,132707.74
27,10,39.4,technical,110451.44
40,13,40.1,professional,135835.7
31,13,51.4,technical,141156.89
35,16,52.1,management,174377.71
57,14,36.7,professional,166620.83
54,13,37.9,professional,156314.7
53,16,46.6,technical,182313.25
38,11,34.1,service,126071.99
73,16,45.9,professional,198492.22
23,11,39.1,management,96606.86
37,9,30.3,service,101779.43
24,11,30.4,service,118193.7
37,9,54.5,technical,107288.77
73,9,38.4,sales,135333.86
39,15,56.4,management,182022.16
70,15,34.9,professional,176627.03
46,9,42.9,service,118177.28
58,15,63.9,professional,180679.63
44,8,29.4,management,112990.52
33,10,21.0,technical,103893.22
62,14,52.9,sales,176623.18
74,10,31.7,professional,147828.36
33,14,39.8,sales,153129.58
63,15,34.1,service,170581.88
33,8,42.7,management,97796.73
59,8,30.5,sales,116718.25
63,16,38.2,professional,184391.75
44,12,44.5,management,127466.42
60,12,29.9,management,144062.76
33,12,33.0,sales,117582.67
22,11,36.5,sales,123638.1
23,14,25.7,sales,135234.49
43,13,35.8,service,138584.94
70,9,41.2,sales,129473.95
25,13,36.0,sales,119714.06
44,14,37.3,technical,148004.79
58,9,39.8,service,131458.32
29,11,33.4,technical,130842.89
59,15,46.9,professional,185218.44
35,13,54.4,service,148492.27
64,9,35.4,service,123799.85
51,8,44.9,sales,109580.51
49,13,37.6,management,163063.25
28,12,43.7,sales,128337.83
44,16,55.7,technical,198501.59
67,12,45.1,service,166710.02
19,16,22.3,management,137569.25
61,9,44.5,professional,125229.97
46,12,52.3,sales,142586.48
59,9,37.8,technical,123923.9
56,13,50.0,sales,160976.62
43,9,33.1,technical,130141.6
35,12,25.1,service,117282.07
54,11,41.4,professional,139707.61
26,9,22.4,management,96908.36
51,8,37.6,technical,111800.18
23,12,52.9,sales,131848.33
55,16,20.9,technical,166543.25
54,9,27.2,technical,115816.61
22,11,29.7,sales,112690.79
61,10,39.4,management,136254.01
42,15,36.3,technical,166490.88
63,11,54.0,sales,160620.07
20,16,49.5,management,170677.41
28,10,45.0,sales,114560.28
46,8,41.5,management,102813.68
28,13,43.9,professional,134555.4
37,13,31.4,professional,136424.16
56,16,48.6,sales,190893.11
26,15,28.9,sales,144370.61
57,15,48.4,technical,173808.32
23,13,51.9,professional,131593.16
28,11,42.1,service,109669.97
52,11,38.2,technical,133546.52
64,9,44.0,service,121810.56
27,11,15.0,professional,98289.46
35,11,43.0,service,123244.93
71,8,38.9,professional,117822.23
75,9,39.5,sales,139051.62
51,12,47.1,service,152351.9
43,11,39.3,professional,125760.37
38,16,28.6,management,162826.39
53,12,38.6,technical,147770.1
52,16,40.7,service,177468.79
35,13,41.1,management,136737.03
19,8,41.6,professional,99396.94
26,9,50.4,professional,114025.43
73,14,29.1,technical,174880.74
42,12,41.8,technical,144337.56
45,10,52.9,service,117515.16
45,12,22.7,sales,138714.09
63,16,41.8,management,192974.67
21,11,34.1,professional,117693.37
22,8,36.3,management,93306.79
33,10,31.0,service,110214.43
46,16,38.3,management,174816.17
56,14,58.4,service,177557.2
46,15,27.4,technical,158615.29
43,16,28.3,professional,174646.55
72,9,27.0,service,117289.07
27,10,57.3,technical,116653.42
51,8,35.4,sales,123877.62
49,8,39.7,sales,107518.6
45,15,36.0,professional,163129.26
64,16,30.6,sales,179207.11
33,9,37.6,technical,108351.35
73,14,64.6,service,185678.48
37,12,53.9,professional,140304.44
49,8,31.5,sales,112555.62
48,16,46.5,service,177957.9
67,15,31.7,management,182848.61
43,13,22.2,service,142367.14
34,14,50.2,professional,162108.38
19,11,51.6,professional,120236.9
39,15,50.5,sales,189517.49
65,12,35.3,sales,157724.73
18,16,38.3,technical,159132.65
69,8,47.5,professional,124159.34
49,9,43.9,professional,120184.03
26,16,36.1,professional,170644.33
35,10,23.8,technical,118479.94
50,10,41.1,technical,137008.31
36,15,50.8,sales,171634.32
24,9,28.0,service,86413.16
56,12,46.4,technical,153834.25
56,10,43.3,technical,124727.22
24,9,47.5,service,95618.94
34,16,48.7,sales,175488.6
32,9,33.1,technical,106342.92
56,8,23.8,professional,113607.82
60,14,34.7,professional,168140.89
60,15,48.9,service,185741.52
72,9,34.6,management,125380.42
62,14,33.1,sales,164744.27
36,12,21.8,technical,113340.83
24,15,57.5,management,148813.68
53,9,48.3,technical,130817.29
71,16,47.7,sales,194377.33
74,13,49.7,technical,179486.4
31,15,45.8,service,167472.17
31,11,37.6,management,115973.5
20,16,38.4,service,162274.53
26,13,35.7,management,128243.55
50,9,66.3,professional,121854.54
49,16,45.6,technical,183497.23
39,15,35.4,technical,157084.43
35,10,44.7,management,115972.51
66,12,29.9,professional,161434.47
44,11,55.0,management,128799.59
64,12,33.4,professional,151607.3
73,16,45.0,technical,192727.93
36,16,50.7,management,182304.78
29,9,43.8,service,108717.71
73,16,40.9,technical,199423.53
54,11,40.1,technical,131360.5
34,14,39.4,professional,144357.11
54,14,34.2,service,166499.15
47,12,35.5,sales,149892.55
70,12,54.8,management,168214.27
32,12,38.9,professional,123924.33
75,15,32.1,service,185777.24
72,11,34.8,service,162981.8
28,10,51.0,sales,118090.65
27,11,46.8,service,131760.67
48,9,45.6,service,116231.35
20,11,37.4,professional,111952.95
35,9,45.7,professional,116042.35
43,8,33.6,technical,106572.19
74,14,37.4,technical,171234.46
75,8,49.7,management,130001.2
26,13,48.7,service,146125.04
69,15,30.2,management,186040.59
23,14,31.4,technical,147067.4
61,12,41.1,sales,162977.93
67,9,57.3,service,141630.44
69,16,20.8,service,181079.8
30,15,42.8,service,166708.29
69,13,26.2,professional,162059.38
24,8,33.7,technical,84354.36
48,8,36.4,sales,102306.15
45,10,35.8,sales,124157.61
36,9,34.7,professional,105473.52
19,15,40.1,management,148563.86
62,9,34.6,sales,131789.24
37,10,25.4,professional,114563.09
56,16,47.8,service,197471.67
41,15,47.5,professional,155681.83
39,9,48.4,technical,117946.23
69,11,24.6,service,143984.31
23,12,43.0,sales,115775.76
60,13,46.8,service,158153.73
61,16,29.7,service,176903.44
40,15,40.1,service,163587.51
33,16,38.8,sales,178379.79
18,8,58.4,technical,113307.8
72,10,59.2,professional,147464.72
72,13,23.4,sales,161361.33
31,8,64.9,professional,116477.93
19,11,30.8,sales,110428.7
25,9,49.8,technical,109848.75
21,16,49.7,service,167350.27
66,8,30.0,professional,129122.05
69,9,44.9,technical,142540.69
26,9,38.9,service,95079.25
61,9,45.5,sales,135282.68
28,13,42.3,management,143361.79
39,11,52.0,sales,135570.03
52,16,40.8,technical,189507.16
59,10,38.3,sales,133372.03
68,12,51.0,management,162885.91
20,13,45.8,management,134672.91
29,13,47.3,technical,127899.06
34,15,33.4,sales,155018.2
35,9,29.5,service,98769.11
75,12,34.3,professional,149620.14
63,15,33.8,management,185402.62
36,15,47.9,sales,168197.46
74,13,49.8,service,173666.68
46,13,38.4,professional,144368.23
47,15,54.3,service,178091.17
43,13,53.7,sales,160763.58
26,16,42.4,professional,159501.62
72,9,31.8,professional,130209.89
18,11,55.8,professional,126549.88
28,9,39.4,professional,91042.08
31,8,41.3,service,99448.85
34,12,36.6,professional,127096.3
25,10,31.1,service,103509.12
19,11,25.3,professional,101604.77
57,11,46.3,professional,143918.21
74,13,32.2,technical,176687.54
25,16,70.6,technical,177560.13
35,15,29.1,sales,155818.73
47,11,27.4,professional,138593.12
71,10,45.1,service,140703.52
58,14,55.3,management,186650.47
62,9,40.6,sales,128151.53
51,12,45.7,sales,158384.18
42,11,21.6,service,123779.67
29,9,33.2,management,102931.57
68,13,29.3,management,157961.18
64,10,21.0,professional,122093.84
19,9,41.2,management,98797.72
59,13,17.6,sales,151489.97
22,9,26.8,technical,92404.38
60,14,34.6,professional,162831.25
65,9,31.7,sales,123659.52
25,11,44.0,professional,125774.22
43,15,43.1,management,175140.26
25,10,48.9,service,109852.28
50,14,47.5,professional,160636.15
71,14,51.4,sales,184284.16
22,16,40.0,service,170656.61
41,9,43.0,technical,122179.69
74,14,45.1,management,172320.15
35,16,41.4,sales,168900.83
25,14,36.0,technical,135110.37
46,9,36.7,sales,112994.42
47,15,31.8,management,174228.11
56,8,44.2,professional,109701.13
36,13,39.1,service,130852.96
73,12,33.4,service,150021.46
48,12,33.4,professional,139779.69
34,12,27.9,management,129132.23
73,8,49.8,professional,136756.18
71,12,40.8,professional,165728.87
46,16,31.4,service,161332.75
19,11,48.1,technical,125114.07
52,10,34.4,management,123061.77
50,16,25.9,service,177357.17
26,8,50.2,service,92643.6
54,12,34.6,service,142832.7
66,12,35.9,technical,153441.33
24,12,40.4,management,132493.39
59,16,51.4,service,182618.29
26,11,40.2,management,118152.97
61,16,28.0,technical,174389.03
42,8,45.4,sales,113106.19
18,14,35.2,management,140828.32
74,13,58.9,service,187242.86
27,10,40.0,service,107189.01
52,10,17.6,sales,121907.14
28,14,43.6,professional,156255.23
72,13,59.4,management,167106.85
60,13,55.8,technical,171340.47
64,8,58.3,management,138529.71
43,13,29.8,technical,139502.27
45,16,49.1,sales,173985.02
54,8,32.8,service,117387.38
63,12,42.2,service,145491.3
67,12,27.3,technical,146694.0
19,16,33.6,management,154832.89
56,10,33.2,technical,131904.5
24,12,49.0,management,125623.47
34,14,48.0,technical,149598.02
66,8,42.8,professional,125794.6
32,15,26.5,technical,156910.24
64,15,36.9,management,193350.42
44,14,32.5,sales,142741.59
31,13,48.7,sales,145225.61
37,14,51.8,technical,151161.4
48,15,50.6,management,181428.41
62,16,32.4,management,178483.96
53,11,15.0,service,118607.66
72,12,22.3,management,144805.97
68,13,54.2,service,171616.32
61,9,36.0,management,126955.56
52,15,32.5,technical,170811.09
34,14,56.4,sales,158641.0
41,13,52.7,technical,143706.76
24,10,40.2,management,113437.94
39,11,37.1,professional,124984.92
71,11,38.7,sales,156167.59
42,13,42.3,management,142741.76
24,15,56.0,management,150581.49
55,14,44.2,professional,166446.26
73,16,47.3,service,208855.06
68,16,51.7,service,200415.32
33,14,28.3,management,141212.79
44,11,47.5,management,128937.36
48,13,37.1,service,160098.02
32,11,15.0,professional,101600.46
33,13,18.7,service,123372.67
31,15,29.8,professional,155201.59
75,11,45.3,professional,143000.47
61,12,41.1,professional,159565.26
66,8,41.8,professional,128700.41
65,14,59.5,service,187919.05
73,12,27.3,sales,155702.29
24,12,39.7,service,123556.33
69,12,43.0,management,151018.45
21,9,32.6,sales,94101.69
45,13,40.3,sales,142009.43
52,14,24.0,technical,156604.15
38,11,54.1,sales,139241.43
26,9,33.2,management,108412.06
29,11,60.3,service,133532.06
65,9,39.7,management,135692.81
36,11,50.3,technical,128565.73
35,13,39.5,professional,137790.7
71,9,39.7,service,136971.46
26,14,34.2,service,138319.62
71,10,41.2,sales,143877.75
71,16,43.2,sales,189889.45
52,14,32.2,management,152199.86
27,10,38.7,management,114115.28
27,13,33.9,service,138000.61
34,8,63.0,technical,107470.53
51,8,39.1,technical,116994.62
26,16,55.5,professional,168574.2
44,15,38.0,professional,165227.38
24,9,42.6,professional,111797.9
49,10,26.8,service,124054.03
19,9,35.5,service,100375.95
59,11,42.1,service,154507.95
21,10,55.9,technical,110620.67
29,10,42.2,professional,106885.58
28,12,53.8,service,130471.19
66,9,46.4,sales,132431.44
21,15,56.3,technical,143742.14
42,14,39.4,professional,153570.84
52,14,63.9,management,171850.38
47,9,35.1,professional,119686.44
57,14,32.3,service,163819.05
64,15,27.9,technical,169636.2
40,9,63.3,technical,129017.06
66,14,48.2,management,181252.03
36,11,36.7,sales,118009.66
75,15,52.5,management,191560.98
47,12,46.9,professional,130171.97
60,15,59.7,technical,181120.43
68,9,24.5,technical,118622.55
63,11,37.3,management,142765.47
67,10,35.4,management,129984.01
49,10,20.3,service,111880.17
20,10,50.6,sales,103640.01
46,11,37.3,sales,131467.93
28,9,47.4,technical,110796.8
69,14,63.6,technical,189737.98
31,12,36.5,technical,127792.03
31,15,35.8,service,144762.7
32,14,41.2,technical,144866.81
55,9,49.9,service,125644.05
51,8,34.3,technical,107390.8
73,11,33.7,sales,147759.96
42,12,50.6,management,152435.08
34,10,43.8,technical,122934.0
20,15,19.6,technical,131731.14
18,13,27.7,professional,126962.63
39,14,55.0,sales,165562.62
71,8,44.0,sales,124100.31
48,15,32.4,service,170321.57
69,9,38.3,service,130681.98
23,12,40.1,professional,114962.62
23,11,47.4,technical,122748.22
66,15,26.4,technical,175535.82
24,10,31.6,technical,102467.74
21,10,42.7,sales,107730.67
41,11,39.0,management,123119.73
71,11,45.7,technical,156453.95
57,9,27.7,management,117216.96
23,9,43.6,management,103507.81
66,10,50.9,professional,146297.99
66,12,44.9,management,149327.21
64,11,41.4,service,139395.15
70,11,39.0,sales,133750.87
31,14,31.7,professional,146623.0
74,10,39.3,management,135297.5
36,16,52.6,professional,178328.29
64,14,38.8,service,172400.63
51,9,31.1,service,119083.05
63,10,35.1,professional,125339.39
54,9,42.0,management,122842.81
55,10,36.3,sales,139075.36
53,11,44.9,service,150555.09
63,9,45.2,management,137754.92
60,8,48.9,service,126512.25
25,11,54.2,management,118439.26
65,14,50.0,professional,181492.12
49,10,30.7,service,119907.41
36,15,31.0,management,159270.01
47,11,39.2,professional,128012.65
74,16,35.5,management,193532.68
67,10,28.6,professional,133479.02
66,12,35.6,service,153326.02
44,14,35.3,professional,157243.24
63,8,33.3,management,114069.21
40,16,36.8,professional,162870.02
57,11,51.8,management,156585.45
55,12,42.0,service,163730.48
32,13,64.7,technical,155595.85
33,13,41.7,management,132124.51
21,8,37.1,service,85508.01
26,15,40.0,professional,156928.01
43,13,42.6,management,156920.63
45,16,44.4,service,171348.32
27,12,60.8,professional,137468.27
42,13,31.5,sales,142716.96
53,11,48.6,sales,147087.39
31,16,42.1,sales,165947.43
37,15,24.3,management,142490.18
39,16,47.7,professional,180914.83
47,12,52.7,service,155137.62
39,15,31.4,technical,157444.7
60,11,39.9,management,144227.8
36,12,22.7,sales,120580.88
43,14,27.4,technical,143522.9
40,8,50.5,professional,117865.07
28,14,35.3,sales,145397.29
57,8,28.9,technical,114418.12
31,13,42.3,technical,149418.45
35,12,34.8,service,122724.78
63,12,35.3,service,145876.83
73,12,47.4,service,164147.38
56,12,28.4,professional,137096.95
71,11,30.9,technical,149453.75
67,12,41.5,management,154483.86
45,13,49.7,management,147072.96
62,14,52.4,service,176481.26
37,12,33.3,technical,131303.88
44,13,49.4,technical,158723.67
49,15,32.2,service,167938.65
73,16,58.3,professional,209479.81
67,8,28.7,professional,120175.3
46,14,53.3,sales,164127.05
55,10,33.4,professional,122006.76
29,9,60.1,sales,117611.99
64,15,45.9,management,181282.97
50,8,29.8,professional,117824.9
48,15,34.8,technical,174847.89
62,14,47.8,service,177653.81
54,16,50.5,management,191387.79
22,14,39.3,professional,140283.19
34,15,40.4,professional,151244.33
28,9,47.6,professional,106727.5
60,16,41.3,service,188722.2
20,9,27.1,technical,92738.87
29,10,31.9,service,110653.49
52,9,42.4,sales,128043.49
58,11,52.2,management,142429.02
47,14,56.2,management,163191.77
67,10,47.8,technical,152390.84
71,15,42.9,service,191687.49
25,13,47.5,sales,135771.13
73,13,33.3,sales,163428.67
53,16,38.5,technical,180927.8
54,11,31.8,technical,133115.39
23,11,27.5,management,111947.23
54,16,43.3,professional,201450.18
60,13,41.9,management,160946.41
51,13,46.9,professional,160481.64
22,10,45.5,service,99214.38
48,9,42.4,professional,116144.38
72,9,45.6,management,145810.37
59,10,39.6,sales,135453.15
25,9,44.1,sales,75603.34
73,14,32.7,service,177331.22
73,8,43.7,management,143030.59
27,13,46.7,professional,126295.57
64,16,33.3,service,196330.98
41,14,40.5,service,136811.22
52,11,33.8,technical,138710.05
43,8,34.7,technical,104577.14
63,15,28.8,technical,158034.09
75,8,52.7,sales,139790.8
64,14,50.7,technical,183985.59
72,14,45.4,sales,181565.01
72,9,59.7,technical,149410.14
23,14,38.1,professional,138227.11
32,9,70.3,sales,111337.34
59,10,37.7,service,136318.56
52,15,42.6,professional,184572.98
20,16,36.0,management,164492.7
23,10,43.7,technical,96999.46
48,16,48.4,sales,173687.28
53,16,38.9,technical,176312.88
27,14,57.8,professional,144161.48
27,9,42.4,technical,104864.24
25,10,42.7,service,113317.73
50,14,30.9,service,146547.73
18,16,44.2,service,165291.29
51,15,38.7,professional,174266.04
45,11,33.9,technical,124234.52
45,10,32.2,technical,117880.86
57,16,66.7,service,187259.2
48,10,37.4,technical,121764.03
60,11,25.4,technical,133677.46
62,16,33.0,service,185994.85
71,13,39.5,sales,168571.74
64,10,45.5,technical,141167.1
48,8,45.5,management,112362.29
46,11,46.8,sales,137424.52
31,16,33.6,technical,170004.68
52,11,43.4,technical,137294.56
26,14,31.2,professional,141289.9
72,10,33.8,management,137554.71
67,14,30.8,professional,163492.53
24,14,28.1,technical,139506.44
63,13,50.6,sales,163036.85
24,14,46.9,management,148941.18
59,13,49.8,management,163547.99
23,11,40.4,professional,113983.52
46,14,47.8,professional,160183.37
56,15,22.4,management,161606.14
60,15,48.6,sales,171445.29
42,9,41.8,sales,117224.66
71,14,46.3,management,180498.02
62,8,43.8,professional,128442.13
30,13,30.1,service,128809.39
56,13,25.0,technical,159973.44
60,11,32.9,technical,135258.29
37,16,45.6,sales,168657.04
60,15,46.9,management,174732.57
70,8,26.3,technical,107634.96
65,9,30.2,technical,134427.72
62,9,32.8,professional,132695.82
54,16,36.4,sales,185077.87
33,12,26.4,management,117738.66
64,14,25.8,technical,174595.82
39,15,31.8,service,155889.75
48,14,40.9,management,158169.59
36,8,28.2,service,105478.06
36,9,38.8,sales,113207.68
27,11,50.6,sales,138672.08
73,11,27.0,professional,145199.78
26,14,37.9,technical,140327.71
23,9,50.2,sales,102121.11
72,11,35.8,technical,135736.92
50,10,34.3,management,121806.8
43,9,51.6,sales,128300.77
60,9,36.9,professional,128569.99
40,9,51.0,technical,118568.41
25,13,44.3,sales,130084.9
60,11,36.6,service,141231.9
28,11,44.8,management,128464.46
50,12,43.2,service,147516.67
73,14,50.2,management,183642.49
72,15,34.5,professional,177599.89
38,12,40.4,professional,140417.83
63,13,39.4,management,140096.95
53,14,47.0,sales,169305.17
45,14,29.7,professional,168412.47
26,9,50.2,sales,98350.63
39,16,44.7,service,173634.11
55,9,26.8,management,115567.17
75,11,52.1,service,155781.53
18,13,62.3,professional,148316.61
59,11,50.0,professional,149523.89
67,10,54.3,sales,147511.23
73,16,40.9,service,202090.02
42,8,23.4,service,97799.74
24,10,21.6,management,119099.32
33,16,42.6,sales,170824.91
67,14,34.1,professional,170757.31
68,8,30.9,professional,108880.93
54,14,39.4,technical,159766.33
25,16,46.2,management,173681.88
25,8,25.5,sales,78258.51
45,11,35.5,sales,114649.92
52,12,55.1,professional,152868.86
19,9,29.2,service,100657.44
57,9,48.7,sales,129320.85
49,9,35.2,service,113810.85
18,9,45.5,professional,87883.38
23,11,51.0,technical,124717.83
44,12,47.4,service,147129.86
59,10,49.1,professional,126491.98
65,10,28.5,technical,138313.56
43,9,51.1,technical,125563.83
35,15,31.5,sales,162566.26
74,9,42.6,management,141382.08
44,16,42.6,sales,181807.5
36,12,44.9,service,139207.38
43,15,43.4,professional,172994.35
18,13,31.6,management,112829.79
35,10,26.5,sales,99091.7
47,13,48.7,technical,149606.53
71,10,41.9,professional,141651.12
60,9,51.5,sales,135206.15
63,10,39.6,management,137737.26
49,10,25.9,service,125605.64
24,9,49.7,technical,113940.62
40,8,36.3,service,97721.6
75,16,43.4,sales,201269.97
20,12,33.5,management,112882.59
68,11,56.4,sales,155062.93
57,16,31.2,technical,182508.74
34,10,36.6,management,91560.37
63,11,41.1,professional,160006.93
66,15,29.1,technical,179270.67
20,13,43.3,sales,128638.45
24,11,56.1,management,137836.28
56,10,35.1,management,126017.02
75,8,44.0,sales,132963.8
19,8,15.0,sales,73812.89
56,9,39.6,technical,134085.52
25,15,36.9,technical,150491.88
55,13,31.8,sales,151662.58
54,11,50.8,sales,151215.43
23,15,36.7,technical,153505.08
57,9,38.2,service,122932.29
70,9,36.2,professional,138504.66
68,11,20.8,service,153200.53
19,16,28.7,service,154475.45
32,13,49.6,professional,145137.62
31,15,18.9,technical,146600.36
44,10,32.3,professional,126875.92
26,15,36.0,sales,147502.77
67,8,57.4,sales,132110.0
63,10,47.7,service,130106.8
64,12,34.4,technical,141994.94
29,8,53.0,professional,101538.27
18,15,32.6,professional,143559.59
70,15,50.1,service,201445.11
34,12,26.4,technical,127764.65
56,10,50.7,technical,130947.27
70,8,35.9,service,119463.53
20,13,29.7,service,133971.76
18,12,37.8,service,126683.2
18,14,42.8,technical,140152.23
27,13,35.1,management,129995.13
20,9,45.5,sales,108720.49
65,9,34.2,management,120198.59
53,15,46.2,sales,178456.26
74,9,44.4,professional,153366.19
64,16,39.4,professional,191137.94
73,8,35.6,technical,121060.08
31,14,41.5,service,151044.73
34,16,45.5,sales,169109.55
67,11,60.6,technical,148821.01
32,8,49.4,management,109552.69
21,15,49.8,service,162729.88
56,9,70.9,management,138527.61
64,12,45.2,professional,153140.26
74,16,44.8,management,193553.57
71,14,47.0,sales,178441.36
24,8,29.9,service,85024.43
62,15,35.6,service,169782.84
67,9,34.9,sales,140776.85
58,14,46.5,technical,173037.94
65,13,38.3,professional,164955.28
66,10,41.4,management,144475.19
43,11,50.9,management,140735.61
20,9,48.6,management,100423.8
44,16,38.4,sales,177020.33
29,10,33.3,sales,106639.19
24,10,51.4,technical,117666.89
25,12,47.7,management,131931.91
58,14,23.9,professional,155122.16
47,12,36.9,technical,130491.73
49,12,41.7,management,144115.4
61,13,47.8,sales,162348.48
49,15,49.1,management,162414.15
54,11,42.8,sales,142304.16
22,15,45.9,technical,160289.6
67,15,40.6,professional,199083.08
44,16,33.3,professional,169889.24
27,16,37.4,sales,159299.63
65,15,40.2,service,173789.23
60,10,39.7,technical,134938.3
21,14,21.1,management,131488.28
29,14,36.0,sales,138684.28
18,10,40.6,service,103544.95
33,14,37.2,management,134535.0
23,10,37.5,technical,112536.78
59,12,44.9,professional,146929.06
48,15,29.2,sales,162836.48
74,9,23.7,technical,117933.94
61,11,36.5,service,136642.64
53,15,47.6,technical,174881.3
47,12,56.9,service,150062.67
21,16,47.8,professional,167458.17
22,8,25.3,service,94107.68
53,14,37.7,service,166428.46
18,15,42.6,professional,155661.57
20,16,41.8,management,169714.64
30,9,45.4,service,112030.96
69,16,30.8,sales,188355.84
44,11,40.6,service,137359.29
59,11,44.2,management,150229.21
41,11,48.3,sales,137099.74
28,13,31.9,technical,122406.14
39,13,36.5,technical,136624.81
23,12,15.0,technical,108517.97
62,8,33.8,professional,122478.64
28,16,34.8,management,161915.17
39,9,29.8,sales,113443.61
74,8,41.7,sales,138689.05
52,13,39.4,professional,160579.58
44,11,17.4,management,125853.21
49,13,42.2,management,145437.5
63,15,30.7,professional,177527.36
32,8,44.9,service,98551.49
54,10,27.2,management,111803.75
68,12,40.3,management,153850.99
51,15,37.2,professional,178149.41
43,13,43.0,technical,151454.55
26,11,41.2,technical,131644.47
32,13,37.4,sales,138841.26
72,16,24.6,management,203199.43
49,12,25.2,management,135283.76
35,15,34.2,technical,156830.76
42,15,39.9,sales,156434.44
51,10,33.9,management,131346.15
49,10,46.3,technical,126247.71
58,14,37.2,sales,160702.34
32,9,30.3,professional,109782.11
55,11,37.2,sales,144141.79
43,10,42.3,professional,130473.42
72,13,43.2,technical,166525.29
27,10,58.8,service,120672.6
26,13,33.3,management,130824.61
44,16,39.3,service,180820.44
47,15,44.3,management,180737.87
58,16,39.8,sales,188202.33
41,8,35.0,service,116212.53
70,12,24.5,management,154265.37
45,9,34.9,service,111525.9
25,16,29.3,professional,162319.47
24,14,22.7,service,144236.13
74,10,32.0,sales,152185.51
25,13,29.5,management,136148.46
72,13,45.8,service,170470.38
34,12,46.0,professional,133652.02
23,12,31.0,technical,122827.64
35,8,37.4,technical,111378.72
53,12,21.4,management,137653.68
42,11,35.1,service,129278.46
63,15,44.0,professional,182024.5
53,15,48.2,service,174901.88
41,14,32.9,sales,149568.23
54,8,50.5,professional,121894.61
74,15,24.8,service,190027.36
41,11,27.5,professional,119922.78
26,11,47.1,technical,122087.99
41,16,56.7,technical,177604.42
66,15,44.9,management,188967.99
30,8,39.6,service,107090.67
73,11,18.0,technical,149228.6
52,14,19.8,management,152442.27
52,12,41.3,service,148799.57
36,10,36.4,technical,114005.44
71,12,28.9,professional,155004.55
20,15,40.7,sales,151797.22
35,10,41.2,service,117284.8
42,14,49.4,professional,161333.55
45,14,41.4,professional,161032.67
45,15,52.3,professional,171740.19
26,10,40.1,professional,108440.6
31,9,38.8,service,116525.19
23,12,50.6,professional,147526.79
51,12,30.2,professional,130444.71
38,11,68.1,technical,133535.77
50,15,43.8,sales,166238.44
52,15,43.8,technical,173219.2
58,10,45.3,service,141083.46
49,15,58.8,technical,183863.41
55,10,47.9,management,135749.85
52,11,23.9,technical,130653.15
55,8,54.0,technical,119149.67
53,11,36.6,management,133281.14
36,16,41.1,professional,170996.95
32,11,27.2,sales,104709.57
63,14,45.3,sales,165289.45
37,8,33.5,service,92456.4
49,13,41.0,service,156510.3
29,11,37.2,professional,119975.14
43,14,59.3,service,170503.33
48,16,59.8,technical,177882.88
54,12,40.5,sales,136367.16
48,8,40.6,technical,115691.92
38,12,36.3,service,114439.23
73,9,51.1,technical,149504.81
47,12,36.7,technical,127193.9
64,8,35.8,management,125393.53
60,13,49.8,technical,158299.13
50,10,34.6,management,130630.09
69,9,39.6,technical,153307.08
25,8,24.2,technical,71456.28
71,15,47.0,professional,193489.01
67,15,59.4,management,181217.73
47,15,47.2,sales,175036.75
60,8,54.6,professional,126125.02
48,11,31.5,sales,129432.9
33,16,42.4,management,163812.03
64,13,30.6,management,161378.81
32,9,37.7,sales,96094.65
36,9,47.7,service,121879.49
48,10,41.0,professional,123272.75
66,16,25.9,professional,174651.19
40,9,26.8,management,115496.11
46,16,26.2,professional,169504.08
20,14,44.9,professional,154946.48
24,16,60.6,professional,181428.44
21,15,53.6,professional,152401.59
22,10,21.0,professional,96192.51
68,15,54.2,service,191598.68
66,9,49.4,professional,145632.86
65,10,24.5,service,131617.58
21,9,37.0,service,98539.98
22,9,51.0,service,104487.84
34,8,45.5,sales,103927.91
50,9,26.9,technical,120641.51
37,9,46.1,professional,113644.85
46,11,18.6,technical,117519.14
28,8,37.8,professional,92134.32
60,8,51.4,management,122088.43
36,16,40.2,technical,161525.75
21,8,35.0,technical,84507.55
61,8,48.9,management,134760.28
70,8,49.7,sales,130447.38
18,9,53.1,sales,108745.58
43,12,48.7,professional,126751.49
65,15,50.8,sales,190537.6
58,14,47.3,service,169426.06
67,13,42.7,sales,161923.72
42,8,40.9,sales,108497.68
39,14,37.6,technical,148616.07
59,8,27.9,professional,98255.93
26,13,30.4,service,135633.07
31,11,37.2,professional,121371.41
52,15,42.4,technical,171083.38
56,10,54.4,professional,132617.12
24,13,39.6,technical,123708.71
47,11,50.0,service,139517.29
39,12,50.8,professional,151678.12
47,16,37.7,service,178285.83
73,14,45.9,professional,171226.71
22,11,37.6,professional,115166.73
75,12,53.2,professional,167379.54
44,14,46.4,service,165757.28
62,11,28.1,professional,140438.98
42,9,41.6,sales,95242.22
36,12,56.5,sales,145763.21
62,8,38.2,management,113309.75
57,9,44.5,professional,117482.88
26,11,45.5,professional,119620.13
58,15,29.6,professional,172965.9
61,15,45.1,technical,170240.13
40,10,26.1,professional,116686.51
71,11,33.7,sales,150863.64
55,9,50.8,service,129083.5
37,14,43.6,service,148066.47
18,10,37.0,service,96332.28
57,15,44.5,sales,184420.11
30,15,39.4,technical,146242.56
61,14,40.1,technical,175532.1
48,10,46.6,professional,127911.57
45,16,32.7,management,172214.76
27,14,40.4,professional,133863.14
59,13,36.9,technical,155321.53
27,15,24.1,technical,149563.5
42,15,30.8,service,151046.84
66,8,55.7,service,135495.41
71,15,43.8,professional,187790.57
75,14,26.8,sales,166879.71
73,9,24.6,management,132545.11
50,10,38.9,sales,111841.29
29,14,55.6,management,156983.81
66,9,38.1,management,140060.84
64,12,53.1,technical,169302.65
75,14,43.5,technical,182813.22
55,13,44.7,service,155823.62
26,16,26.6,service,152059.03
47,9,49.4,professional,120449.04
43,10,36.7,sales,123565.48
66,16,48.6,service,191038.13
40,13,31.9,sales,145137.99
37,10,41.8,professional,132512.18
22,10,43.5,professional,108706.64
66,11,38.5,technical,136257.12
61,12,44.0,professional,144138.68
20,10,37.3,technical,109355.35
43,13,33.5,service,142834.49
45,12,56.1,technical,153984.08
45,13,50.5,sales,150493.29
71,9,32.4,professional,135275.98
26,13,45.7,management,136990.17
35,16,32.6,sales,160992.2
28,9,28.2,professional,94839.43
32,10,50.3,management,112077.96
70,14,23.0,technical,178402.15
72,13,49.3,technical,171563.89
20,14,37.5,professional,142643.23
54,13,37.9,service,149839.51
31,14,44.1,sales,142959.96
29,13,45.8,sales,138669.04
34,8,31.7,service,103842.01
29,14,47.2,sales,146706.59
46,12,41.1,technical,135119.6
75,8,27.4,management,124031.36
52,11,38.3,service,138352.21
59,11,53.8,technical,159218.42
46,8,56.8,technical,121149.79
18,16,47.2,management,166069.58
22,10,28.1,management,105301.26
33,10,44.9,service,110076.6
32,11,48.5,technical,120460.95
66,15,47.3,technical,178542.08
66,14,47.8,technical,167702.16
67,14,43.6,management,179912.3
54,10,39.3,sales,131059.92
50,15,33.9,service,167566.72
55,15,21.0,service,146604.71
41,12,43.4,service,151883.15
56,12,41.9,professional,142365.04
64,8,45.6,sales,138632.59
62,14,26.6,sales,152467.3
53,16,46.5,technical,180705.19
21,12,60.5,professional,119636.0
60,12,40.8,professional,152739.81
39,12,39.4,management,127757.19
61,8,43.1,management,114854.15
49,13,60.3,technical,153249.18
69,14,29.8,technical,173566.61
37,16,42.0,professional,176980.36
72,16,32.0,service,203118.31
66,12,34.5,sales,146688.9
37,16,39.5,technical,172387.79
45,12,53.5,professional,138484.12
48,13,58.0,technical,158020.36
62,13,44.5,professional,159184.96
57,16,36.2,service,186185.86
67,14,64.9,professional,193064.57
39,9,35.7,service,115752.07
47,8,34.3,professional,101709.61
42,11,22.3,technical,125770.73
70,12,54.0,service,164346.47
35,14,49.7,professional,153559.33
52,12,64.2,technical,153047.13
24,12,26.1,service,113472.56
67,16,54.6,sales,211583.19
40,11,40.7,management,130026.79
37,12,48.1,technical,139423.05
51,13,23.5,service,141625.29
46,12,54.7,service,164127.83
67,16,47.9,technical,205046.62
48,16,39.6,service,174037.3
47,12,46.5,professional,142624.14
24,12,32.3,professional,119151.71
19,13,34.2,management,127753.92
41,9,35.4,management,105954.77
75,11,21.5,service,144805.18
71,9,48.6,technical,148239.93
54,9,51.9,management,120176.86
54,8,33.0,sales,104038.8
40,13,43.5,management,143467.25
28,8,37.3,sales,92729.5
18,13,43.3,service,144088.2
37,11,33.7,technical,128602.31
36,11,31.2,technical,126122.13
29,14,50.5,professional,150211.89
33,12,39.4,technical,128842.19
19,14,60.2,service,140829.37
53,14,40.5,professional,168279.88
71,8,30.7,professional,125227.57
58,9,52.3,management,140068.84
43,13,46.3,technical,148891.68
42,16,47.3,professional,177814.44
35,9,51.9,professional,116515.28
26,8,33.5,sales,97836.1
52,16,38.7,management,171481.91
50,16,38.3,technical,184179.6
18,9,27.1,service,89729.36
42,11,37.4,management,120711.98
34,13,53.4,management,134292.82
27,9,42.4,management,103679.96
58,10,26.5,technical,134379.66
48,11,24.4,sales,135571.21
54,13,56.6,service,165958.88
59,10,39.1,management,145329.14
74,11,33.5,professional,147603.0
64,10,37.3,sales,141262.38
53,14,25.2,professional,151885.67
68,9,54.2,service,136443.81
45,10,36.1,technical,116707.26
75,10,53.7,professional,138400.13
62,16,40.5,service,197388.39
55,16,54.3,technical,187530.02
70,12,42.6,technical,153156.99
47,9,48.5,management,114284.65
59,14,47.2,management,169770.54
34,12,46.2,technical,146645.32
73,15,43.5,technical,202019.22
54,11,37.7,professional,125366.56
63,16,59.2,sales,197669.19
44,15,30.9,sales,154484.54
68,10,40.0,service,145820.75
22,14,40.1,service,143188.59
24,10,44.0,professional,106648.58
47,11,35.7,technical,130652.5
60,10,43.1,management,132400.74
64,14,38.3,management,180207.83
43,10,24.2,technical,116727.36
55,13,40.1,management,159599.06
50,13,29.0,technical,128304.6
73,14,22.7,professional,166970.61
55,16,41.4,professional,198131.88
42,8,44.9,management,118132.34
74,16,45.3,technical,188028.96
24,8,45.7,professional,95311.31
75,12,20.7,management,142015.4
26,11,26.4,sales,121479.44
34,13,59.7,management,152934.84
65,14,29.5,service,160593.54
60,15,46.1,management,180977.67
74,11,33.1,sales,130716.84
61,16,40.8,professional,181424.16
54,10,33.7,management,126326.85
38,9,45.6,management,119547.05
18,11,41.4,sales,100376.59
25,12,35.5,professional,120511.42
35,14,29.5,management,151130.87
20,15,42.7,management,141434.33
47,10,27.9,technical,119492.6
63,10,44.3,service,138652.84
73,16,66.3,service,220000.0
46,11,53.5,technical,137772.92
68,10,47.2,management,142208.37
75,16,39.1,service,202924.61
67,12,20.6,service,135570.11
44,16,26.8,professional,167429.89
36,16,52.8,sales,174631.36
74,16,32.1,service,191891.62
32,13,33.0,service,140761.42
41,15,38.3,professional,166786.99
22,16,29.4,service,150030.52
64,10,27.7,service,130714.18
55,8,39.5,management,125339.4
22,10,31.1,sales,96865.57
30,13,32.6,sales,134560.65
50,12,32.2,professional,137402.42
49,8,45.2,management,114192.59
64,13,37.7,management,149616.7
33,9,38.2,service,115649.5
71,12,46.0,technical,155904.43
43,13,38.6,sales,152680.92
65,13,37.2,technical,156623.32
31,11,44.7,technical,119864.57
20,11,46.7,service,125203.26
21,14,38.5,sales,146195.21
39,14,40.8,technical,154943.53
73,15,32.2,service,187143.65
20,11,31.4,technical,107033.52
39,11,47.7,technical,131118.79
24,10,44.4,management,106719.48
72,12,44.6,service,166735.08
57,9,42.8,service,121299.19
62,11,40.5,technical,152950.51
59,9,47.0,professional,127439.03
56,12,49.4,technical,152430.92
62,15,49.1,sales,188739.5
18,16,39.0,professional,157539.05
68,12,53.9,management,161246.58
60,8,42.3,professional,120490.52
60,10,46.3,technical,143060.75
40,8,42.8,service,102672.09
64,14,42.5,service,171181.86
40,16,32.6,technical,169358.44
20,12,47.0,professional,131431.75
70,9,68.5,service,148361.81
31,8,36.3,professional,108821.71
23,16,40.7,technical,160811.18
54,10,35.5,sales,125573.79
31,9,35.1,technical,102265.86
67,9,55.4,service,131197.99
43,10,33.3,service,111432.8
18,13,35.3,technical,123235.89
73,16,24.1,service,195089.89
47,10,32.4,professional,120290.68
33,14,22.9,sales,136397.47
57,8,46.3,sales,128776.54
48,8,68.0,management,136510.13
19,8,36.3,sales,96872.39
62,16,23.3,sales,174025.95
41,13,49.0,professional,147123.55
58,15,32.7,management,183787.21
69,8,53.0,sales,134442.96
53,8,37.2,sales,111238.41
56,15,33.7,management,175790.29
32,8,38.2,service,105397.82
31,9,47.6,management,106515.03
42,12,37.7,management,137530.07
67,13,35.0,sales,166883.32
48,10,38.0,professional,116737.42
38,12,27.3,technical,127639.56
63,14,44.0,management,164884.0
67,11,22.1,professional,130322.6
70,11,35.6,service,142540.05
35,8,47.6,professional,109207.04
59,12,43.0,technical,148828.14
52,15,45.9,service,170828.06
44,13,39.3,technical,147470.02
41,16,51.7,technical,173016.55
24,9,49.2,management,109034.75
33,8,44.5,sales,110336.93
49,12,49.3,service,146841.19
69,9,47.5,management,135471.79
68,13,35.6,sales,164302.98
28,16,26.6,service,144361.71
57,11,44.2,service,145344.18
22,12,45.5,sales,146520.27
57,14,50.9,technical,170944.06
37,9,30.6,service,104337.6
44,16,30.9,management,175986.28
59,9,44.6,professional,138885.8
42,15,39.3,technical,170741.89
64,13,21.1,management,137109.53
48,9,43.8,management,123686.87
75,14,21.5,professional,184873.08
55,9,30.5,technical,121708.64
35,13,53.5,service,141122.0
62,16,58.2,management,200606.93
41,16,27.8,professional,159027.63
48,15,36.7,technical,175197.59
25,12,40.4,professional,119475.71
24,13,57.8,sales,143772.0
51,10,35.1,sales,119186.51
28,16,35.2,service,158763.43
75,12,55.5,service,178632.49
67,14,36.3,technical,171354.99
58,11,47.2,management,140580.17
60,14,25.2,sales,152275.59
52,10,38.3,service,115065.02
21,14,23.4,sales,123282.75
40,8,29.4,service,100351.99
46,8,48.4,service,120616.27
71,11,39.5,professional,145426.11
30,12,36.8,management,137407.97
46,14,32.5,technical,149261.98
37,11,37.8,technical,122782.19
25,8,43.0,technical,89568.02
23,10,49.8,professional,119718.85
39,11,15.0,professional,126826.69
22,12,31.7,professional,107328.02
21,13,41.6,management,130017.64
38,10,39.0,management,126050.18
29,13,44.0,professional,129806.09
50,13,42.7,technical,156847.59
19,14,37.0,professional,145406.66
35,12,34.7,sales,130065.31
44,15,37.5,sales,168422.47
73,9,51.5,professional,153225.63
54,14,32.7,technical,172282.59
69,8,39.4,management,124980.92
37,8,41.8,technical,100877.07
44,15,55.6,service,168798.07
42,12,37.0,professional,142053.09
69,13,49.6,service,161349.56
73,13,52.3,sales,172926.82
73,14,39.4,technical,177260.69
61,10,37.9,management,130044.39
47,9,36.7,management,117270.72
49,8,37.4,sales,126991.45
74,15,48.5,technical,191103.94
34,10,42.3,management,114013.28
38,13,42.4,service,151186.42
70,12,28.7,technical,152323.08
40,9,30.3,sales,116396.17
31,11,61.4,technical,134202.3
50,8,38.2,service,109836.35
36,9,32.3,professional,93706.22
69,9,54.3,technical,130004.45
70,15,42.8,service,174013.92
35,13,45.8,management,146838.22
48,16,38.6,sales,169324.33
75,11,36.8,service,158551.42
61,9,38.3,technical,126325.56
30,13,26.2,service,128500.39
52,16,39.1,sales,175769.55
53,12,43.0,professional,150727.38
55,8,58.5,management,120877.45
19,10,40.9,management,99140.9
35,16,16.7,service,164724.51
67,12,39.1,technical,156642.64
31,16,67.4,management,180578.44
35,12,48.7,service,141388.85
36,8,31.9,sales,98227.31
28,15,45.9,management,160736.69
27,14,32.6,professional,135353.27
38,14,26.5,professional,158455.51
68,16,36.5,service,187254.65
18,9,40.9,professional,107579.18
34,16,21.3,technical,157613.7
21,10,28.5,professional,105398.62
50,16,40.1,management,185167.51
32,9,35.9,management,111971.27
63,12,43.9,sales,148761.93
51,15,27.9,sales,171406.97
63,8,47.1,service,137458.63
54,8,28.2,sales,107036.96
43,15,56.4,management,174756.64
67,8,22.8,professional,111490.07
45,13,29.1,sales,139931.78
73,16,44.2,professional,209858.0
75,13,56.6,service,171818.43
52,12,43.2,technical,139963.48
57,11,45.6,professional,153109.45
32,13,40.2,sales,143248.69
65,13,29.7,technical,170329.88
56,12,35.1,professional,141530.91
70,9,27.9,sales,127517.01
33,13,27.2,professional,128465.36
63,14,44.0,service,173084.94
45,14,28.8,service,139634.75
28,8,43.2,management,103238.89
27,14,27.0,management,139686.42
50,14,43.0,management,162099.86
36,9,35.1,management,104336.56
23,15,54.1,management,153416.5
42,12,43.2,service,143865.11
55,12,52.4,technical,145639.24
36,14,32.4,sales,150215.13
73,12,40.6,technical,172847.24
63,12,30.2,service,156314.43
47,10,35.9,technical,112614.7
72,16,37.4,service,190807.84
43,16,32.7,management,174185.42
26,9,27.8,sales,95419.58
20,14,25.9,sales,122973.38
72,8,16.6,service,117465.08
73,11,29.4,service,144867.86
60,16,46.3,management,203232.54
23,9,24.0,service,90023.95
35,11,26.3,technical,124210.22
20,9,57.9,management,99975.55
20,14,33.6,sales,129661.07
32,12,43.2,technical,136811.08
51,13,46.4,management,162969.66
21,16,46.6,management,157459.05
75,12,24.8,technical,152238.29
44,14,37.7,management,146392.77
33,8,23.8,service,90450.96
47,9,64.5,technical,136156.43
63,16,24.1,sales,177839.16
36,15,29.5,sales,153214.17
20,13,29.6,sales,117625.69
20,11,25.0,professional,101196.91
67,9,53.5,professional,150128.67
24,15,64.2,sales,165993.49
54,15,35.2,technical,164064.39
40,10,26.8,technical,110464.52
63,13,17.6,technical,138106.3
21,13,37.6,management,123458.03
70,12,36.8,professional,164056.72
58,16,33.5,service,181429.94
44,9,42.2,sales,128668.99
30,10,44.0,professional,114326.55
74,8,43.2,professional,130772.24
35,14,36.8,management,152770.99
46,13,29.0,professional,125461.93
40,16,46.7,sales,178332.4
31,12,40.1,sales,129404.93
42,9,48.9,sales,128306.9
26,12,47.9,professional,136770.35
18,8,25.8,professional,74840.45
34,14,25.7,technical,149829.54
24,14,32.4,sales,136783.34
42,15,29.4,professional,153107.61
68,11,47.6,service,152677.93
27,10,43.5,sales,111287.06
18,8,51.0,sales,106074.68
24,11,44.0,professional,120837.59
47,12,42.1,service,143338.88
33,14,52.0,management,161396.58
46,14,44.7,technical,167731.03
19,9,40.7,sales,103129.67
37,10,54.8,sales,135041.86
41,12,41.2,professional,141244.45
43,11,37.0,sales,129158.73
49,8,31.6,service,115175.73
63,15,47.0,sales,182771.83
45,14,52.4,management,164363.74
66,12,39.5,sales,165066.54
48,10,53.1,professional,143108.9
33,15,20.3,management,147607.79
31,8,39.4,technical,95876.06
36,12,39.6,professional,142444.63
52,15,32.7,sales,173000.27
32,16,63.8,management,182900.72
71,10,39.3,professional,139016.63
45,13,35.9,professional,148106.18
68,9,40.3,management,131963.37
57,9,20.0,technical,108928.01
37,11,32.4,professional,122202.37
31,15,49.8,sales,164229.09
61,14,33.7,sales,162644.59
37,12,31.7,sales,135170.57
32,10,53.1,sales,129752.66
71,9,53.4,sales,147737.42
45,10,45.2,management,124320.69
20,9,35.4,service,100771.38
46,9,37.6,management,115751.34
44,14,32.0,sales,144188.69
68,9,30.1,professional,130863.17
59,8,29.6,sales,113934.71
29,12,33.8,management,141713.28
26,10,29.7,service,113754.16
53,12,24.4,sales,141076.62
20,9,42.2,management,101188.01
36,9,42.3,management,111916.15
26,11,57.0,sales,120673.25
19,14,33.3,service,124164.58
71,11,43.0,sales,145299.79
23,12,43.1,service,125464.28
18,12,37.5,service,105472.41
72,10,47.4,technical,142728.6
28,10,47.8,technical,114027.14
65,11,43.3,technical,145543.36
19,8,37.4,service,85021.92
26,14,36.4,sales,139857.6
24,13,26.3,sales,137175.33
58,10,31.9,service,132244.26
53,11,33.8,management,129679.88
45,10,28.8,service,116646.76
32,13,44.4,sales,141328.21
23,14,52.0,sales,143533.6
51,8,30.9,technical,103135.45
31,11,42.8,service,129470.21
52,8,29.7,technical,105412.93
57,12,37.0,technical,139061.92
67,10,33.1,technical,134595.64
46,11,46.0,professional,135920.36
18,12,33.2,management,103998.61
34,10,50.1,professional,120872.14
67,11,37.5,service,150833.28
48,14,33.5,technical,158804.03
53,15,27.5,technical,180096.5
44,8,42.5,service,117753.98
27,11,49.0,service,132884.64
70,15,42.7,technical,204099.84
62,12,62.4,service,168596.11
75,9,54.3,management,145785.47
67,13,36.9,sales,168230.58
34,9,36.8,professional,102777.49
32,8,44.7,service,103112.43
32,13,31.6,service,130273.33
71,12,51.7,professional,166656.0
50,14,43.6,professional,158595.25
44,11,42.6,management,127388.36
74,15,46.9,professional,193661.84
52,11,57.2,technical,144623.31
70,14,41.7,service,163255.23
75,8,38.9,technical,119846.3
22,8,55.1,technical,93669.87
38,15,49.7,technical,161578.22
60,15,36.8,management,178324.38
65,16,40.1,professional,192289.84
26,10,42.0,management,117971.77
36,8,43.6,management,109512.32
49,16,26.4,professional,179144.28
64,13,24.6,professional,156963.58
24,10,31.1,management,105055.13
52,14,30.4,technical,164083.58
35,16,33.6,sales,172273.36
30,10,46.3,service,118708.39
47,14,38.3,service,166076.72
42,15,42.0,technical,150628.56
54,12,27.8,management,137132.84
36,13,35.4,professional,137366.0
65,10,45.9,professional,147995.22
22,16,45.9,sales,174224.51
67,16,32.8,sales,178826.89
19,16,41.6,service,168699.94
60,14,62.0,sales,172323.13
38,8,39.8,professional,96514.45
40,11,33.1,sales,122307.49
19,12,38.3,technical,118230.48
58,16,40.9,sales,176315.47
27,12,38.5,sales,130247.3
56,12,39.7,management,151398.18
60,9,25.6,management,125274.0
67,15,30.4,professional,174184.09
59,11,38.5,management,139864.24
35,8,38.3,sales,100822.39
60,16,34.3,technical,195196.14
65,9,38.2,sales,110465.52
36,8,40.6,service,96744.59
25,8,48.9,technical,99856.93
69,12,39.0,service,148652.65
26,8,44.0,service,96145.13
52,15,34.6,service,167997.72
31,12,45.7,professional,128526.09
25,10,43.8,sales,111758.43
63,8,48.7,professional,130374.11
26,12,47.1,service,128542.82
56,9,45.9,sales,123853.96
58,16,39.0,technical,184319.44
21,10,42.4,management,107771.69
28,12,50.6,management,122091.74
64,8,33.5,service,121642.83
47,9,33.7,service,110873.93
25,9,41.8,service,111059.53
75,8,44.2,professional,136055.03
33,14,31.8,management,152016.71
18,16,39.3,professional,150955.49
71,16,39.1,sales,192107.2
18,10,17.8,sales,84112.84
50,15,37.8,technical,164604.51
75,12,38.4,technical,167727.96
51,8,38.4,service,121916.22
51,8,54.2,management,113453.8
40,12,27.8,management,126288.82
25,11,31.8,sales,112112.18
51,8,15.0,service,103185.58
70,16,35.2,service,180254.4
23,14,36.0,professional,129348.32
69,12,34.9,management,156632.21
42,16,51.1,professional,168161.68
49,16,48.6,service,181467.42
27,16,40.8,technical,165720.02
54,10,36.3,technical,130236.32
28,15,50.3,sales,159718.89
33,12,39.8,management,128568.43
59,14,31.8,technical,168133.09
20,15,22.8,management,141810.49
43,9,35.6,professional,107828.84
52,12,47.5,technical,148750.26
25,9,62.8,sales,116873.24
35,10,40.6,management,127780.26
37,11,32.3,sales,126444.52
56,15,28.2,management,175973.33
74,15,45.5,professional,186262.82
66,11,22.4,technical,132730.3
29,10,45.5,professional,113569.79
19,12,48.2,technical,124818.71
21,16,44.4,sales,155885.58
52,16,37.8,service,188758.64
27,10,45.6,service,119521.82
31,9,41.7,sales,105014.94
67,14,32.2,management,172635.3
68,10,58.5,technical,150998.97
66,9,36.5,sales,133306.33
32,8,47.8,service,95357.78
53,11,15.8,sales,122493.7
53,11,52.8,service,143386.21
28,13,54.7,professional,148424.54
50,9,40.3,technical,115440.92
48,14,45.6,professional,146267.55
40,14,45.6,service,149884.65
61,12,33.6,sales,146722.4
57,9,45.5,sales,127686.1
48,12,31.9,management,148051.41
60,14,33.9,professional,168283.55
62,11,51.3,management,149771.01
50,10,49.7,sales,131922.93
33,12,32.9,service,134346.65
61,11,32.7,sales,134472.48
59,11,33.5,service,136480.25
75,11,47.3,professional,149092.21
26,10,30.0,professional,113695.83
42,14,43.6,sales,159757.02
71,12,47.5,professional,157163.28
47,12,39.1,technical,139625.21
72,13,50.1,technical,175960.75
18,11,37.0,sales,108939.49
20,8,37.9,service,86778.88
64,15,30.2,management,170568.38
38,8,50.2,management,111826.87
48,13,32.3,professional,143749.45
42,10,43.5,professional,120147.18
41,9,39.3,professional,103985.04
72,8,29.5,sales,122543.5
23,16,33.9,service,156910.19
62,11,53.8,sales,148557.96
69,11,42.0,sales,150344.0
56,14,29.9,management,164355.55
40,8,43.1,professional,111668.62
27,13,38.5,technical,138381.78
57,12,74.5,technical,165287.42
45,12,42.9,management,137337.21
26,9,36.2,management,93682.79
38,16,54.2,technical,175892.84
73,10,21.6,management,132874.89
33,14,40.9,sales,144351.76
28,14,59.9,technical,157037.59
57,11,38.8,service,132628.31
29,9,22.7,sales,84332.08
71,10,36.0,professional,144621.45
67,15,54.5,service,187212.17
75,16,43.8,service,194465.87
70,16,31.6,technical,182614.49
32,10,33.1,sales,113153.76
30,13,34.4,technical,143551.22
37,9,43.6,service,109628.29
45,14,53.4,management,163302.78
69,11,50.5,professional,160696.81
60,14,44.6,service,158584.03
55,14,26.7,management,169804.46
68,16,26.7,service,201521.23
55,12,45.3,professional,131796.21
39,11,26.5,professional,118909.01
41,12,37.7,sales,130740.75
47,9,43.0,technical,117213.49
23,9,28.6,technical,91485.41
61,12,29.8,sales,150297.51
55,15,39.1,management,172646.64
60,12,45.0,technical,146803.7
48,15,50.6,technical,173715.16
63,9,46.1,service,135146.57
73,12,40.7,service,151765.44
51,13,32.5,sales,137588.08
43,11,29.3,management,136805.71
24,8,34.9,management,87243.54
63,8,44.1,management,122890.99
70,16,43.4,technical,193603.97
58,13,19.0,management,149305.78
68,10,32.1,sales,146574.77
67,10,52.0,professional,149067.22
64,8,40.8,management,112795.45
47,16,25.8,technical,161447.86
23,8,63.6,management,103892.89
18,14,39.7,technical,136541.16
29,10,43.8,service,102994.01
42,11,44.0,service,136565.97
61,10,36.3,management,125390.0
44,15,32.7,technical,171900.82
19,8,61.2,sales,114232.47
30,11,50.0,sales,124546.86
74,10,48.2,service,150946.84
75,10,45.8,professional,139434.79
39,9,30.0,professional,110197.33
64,16,52.8,professional,193926.37
59,11,31.6,sales,129238.61
72,11,42.8,service,149720.27
69,11,23.6,professional,135898.87
54,16,19.6,professional,169799.95
40,11,43.2,technical,135566.39
54,11,31.9,sales,127888.33
36,10,20.1,technical,117310.09
38,10,45.4,professional,112733.33
53,8,61.2,professional,136689.88
51,13,53.9,professional,153427.93
51,8,37.4,sales,111707.31
40,10,40.1,service,116635.23
41,9,48.9,sales,115709.83
18,10,51.2,professional,115753.39
52,14,36.6,technical,170103.29
51,13,40.3,sales,160319.06
72,16,43.0,professional,194760.02
47,11,45.5,management,136786.85
45,16,38.7,sales,171022.78
21,8,38.8,service,85023.6
29,12,53.8,technical,128392.64
37,15,52.1,professional,165104.15
39,12,44.8,management,139502.71
39,16,57.2,technical,169666.51
40,10,36.1,sales,117346.11
62,8,56.2,management,139609.66
25,14,45.4,management,153620.12
37,8,72.7,sales,117516.09
27,14,28.1,service,129105.54
35,14,33.1,professional,149541.36
57,15,44.2,professional,162536.12
20,12,44.0,service,131355.31
37,16,59.5,technical,180575.65
19,9,33.3,sales,105889.07
73,11,49.0,sales,144494.65
60,9,51.6,professional,138723.18
32,14,47.0,management,151466.12
29,14,30.4,management,138706.55
23,15,54.1,technical,150334.71
45,14,52.3,management,167977.51
61,10,46.0,technical,142165.47
51,8,42.0,professional,125856.38
69,16,42.3,service,201434.13
37,12,39.2,technical,129561.15
34,8,46.4,service,98228.35
45,16,40.3,service,168114.25
29,16,31.5,professional,170547.28
74,12,29.5,sales,148929.13
28,14,32.5,service,150929.15
45,8,42.2,sales,113563.84
48,8,39.7,management,113025.25
21,10,42.2,technical,105662.61
45,13,45.0,management,155241.51
44,9,33.7,technical,111610.86
33,8,54.7,technical,106190.39
25,14,37.3,management,146395.48
20,14,35.7,service,136524.19
18,14,44.8,service,135907.81
45,15,21.6,professional,160694.08
23,15,32.1,technical,146732.17
73,13,49.8,management,176366.48
32,12,22.6,professional,117848.61
55,15,51.2,technical,172183.38
57,11,55.1,service,159132.1
46,8,36.3,management,117650.11
69,14,42.9,management,181493.43
24,10,51.2,professional,112207.07
31,16,35.3,management,162518.8
32,11,48.7,management,135800.77
25,15,33.3,sales,146904.8
35,8,35.2,management,95190.71
36,13,32.0,professional,149665.84
62,12,43.4,professional,152929.17
35,12,51.6,technical,150318.11
68,10,38.2,technical,129270.69
62,16,27.3,technical,185114.54
70,11,29.2,professional,156150.02
24,15,43.9,sales,154559.69
75,11,58.4,sales,160569.48
53,8,43.9,technical,109104.24
74,15,36.1,service,192103.31
38,9,47.7,technical,110169.86
73,10,37.6,sales,140939.36
52,15,36.2,technical,161691.18
22,16,30.4,service,165586.5
41,16,54.1,service,189291.43
25,11,15.0,service,103187.57
72,14,48.0,professional,173130.12
35,10,35.4,service,123705.66
30,14,35.9,professional,142208.43
50,12,56.9,service,145078.42
42,8,32.9,professional,91447.65
23,11,33.2,service,107803.72
65,12,38.7,sales,143282.2
67,10,44.1,service,136900.69
61,11,35.6,professional,144751.32
53,12,24.3,service,133958.19
41,8,31.3,technical,103679.81
49,9,52.8,management,121007.34
48,14,40.7,professional,160278.73
27,11,44.5,service,133509.71
22,13,37.4,technical,128389.69
32,13,33.4,service,137964.22
44,12,56.8,sales,137805.22
27,11,38.1,professional,127388.51
24,12,35.6,technical,119214.14
67,15,51.0,technical,195153.27
39,16,32.8,technical,167864.55
51,10,34.1,professional,128177.13
48,14,40.1,sales,163861.8
60,16,40.0,professional,184398.83
60,8,42.6,technical,127954.4
35,15,60.9,technical,166466.79
67,12,43.4,management,161760.46
39,16,16.2,professional,157022.58
66,13,43.3,sales,166959.44
41,15,40.4,sales,161301.4
24,9,40.4,sales,101725.5
62,9,42.5,professional,122128.88
19,16,39.7,service,160089.6
62,12,39.5,technical,151352.37
20,13,46.1,technical,130553.41
29,9,34.6,sales,101322.56
52,10,30.5,technical,123831.61
72,15,70.2,service,198420.49
41,10,32.8,management,115698.71
24,13,41.0,service,127507.37
31,10,25.0,professional,120493.99
69,10,41.2,service,147597.71
60,9,30.7,service,123004.05
23,16,35.6,technical,166623.34
40,16,50.5,technical,166220.92
33,9,44.7,technical,93432.82
28,11,45.7,sales,119773.73
67,13,22.3,sales,144890.37
53,11,58.4,sales,145307.86
28,14,28.1,technical,140225.28
55,10,55.3,professional,144662.64
41,8,50.2,sales,104348.92
21,11,45.8,service,120115.8
44,13,31.5,management,142883.78
28,9,41.5,service,107054.24
32,15,35.3,professional,151827.43
68,8,40.3,professional,134179.24
59,8,37.5,service,116682.04
25,12,19.6,management,125774.35
67,12,51.2,management,155886.81
51,10,39.2,sales,131855.15
68,10,35.2,sales,136318.61
61,8,34.4,management,114917.02
37,13,43.6,professional,148674.25
49,11,31.1,professional,127082.59
48,9,17.4,sales,88255.44
59,11,44.1,professional,123273.44
32,16,45.2,management,178864.02
37,10,38.0,sales,124571.57
32,16,28.5,technical,173692.46
35,10,40.9,sales,116648.07
27,9,25.4,professional,86804.63
20,10,29.7,sales,97395.8
72,10,32.5,management,138118.28
22,9,48.4,professional,97857.6
69,13,36.4,sales,173714.04
18,11,35.5,sales,124336.38
63,14,59.5,sales,183803.49
37,12,43.5,technical,135722.45
48,11,43.4,service,126690.06
34,12,36.3,management,139772.99
46,9,34.0,sales,113777.63
44,14,18.1,sales,142739.06
48,8,49.7,management,119484.85
40,14,44.5,professional,152502.44
49,16,38.2,technical,179607.48
65,14,38.6,professional,161213.08
43,12,47.4,sales,149169.38
38,10,24.5,professional,109143.28
25,15,34.1,management,157183.87
38,10,28.6,professional,110815.81
25,12,57.7,service,134312.52
28,14,48.8,technical,142379.9
73,16,18.0,service,189261.82
23,16,24.9,technical,147419.56
45,8,38.7,service,105039.5
66,16,35.3,service,188946.59
73,9,26.8,sales,128965.54
26,13,59.4,management,134499.23
27,16,43.1,sales,164456.94
39,13,44.7,technical,151773.15
50,16,33.1,sales,174072.93
73,11,47.2,service,153254.62
30,10,36.2,management,111736.12
27,10,37.2,professional,108295.73
32,11,46.1,professional,118705.03
68,14,23.7,professional,164248.12
19,12,56.0,technical,136499.65
40,14,41.8,sales,148014.36
24,11,52.8,service,121053.93
27,10,29.2,service,95777.45
71,9,30.8,sales,135103.26
18,12,28.4,technical,113563.74
36,16,42.5,professional,166388.55
71,15,40.7,management,186058.65
53,10,35.4,service,118495.19
22,12,29.9,service,111059.42
44,14,27.3,professional,140186.71
74,13,39.5,technical,161291.94
41,8,35.3,management,112391.11
48,13,33.1,professional,141756.56
48,8,55.5,management,122568.6
56,9,39.2,management,117672.93
28,13,52.7,service,148214.87
66,8,34.7,service,114026.72
75,11,42.4,service,153744.12
26,13,39.4,technical,134931.08
65,13,23.0,management,167986.48
65,12,54.3,service,165408.14
61,8,38.6,management,115531.92
39,15,47.5,technical,171254.13
45,16,32.5,service,186600.18
66,15,38.4,service,170096.74
26,14,31.3,sales,133800.04
66,11,52.4,professional,151101.03
71,15,43.1,service,184097.69
57,12,43.7,technical,147710.4
37,9,53.6,management,109254.19
50,15,51.6,technical,185881.61
20,10,47.7,service,100735.29
72,16,25.8,management,186617.32
37,11,33.0,technical,128514.54
21,15,30.0,management,144378.43
64,12,47.3,service,150389.89
56,12,41.7,management,139326.71
54,10,26.1,management,120430.05
21,15,38.1,service,144137.23
61,8,25.1,service,113245.53
54,12,39.5,service,136352.73
64,11,23.4,professional,140623.06
65,12,45.3,technical,157114.14
30,10,43.8,management,116085.59
30,13,59.1,technical,157553.38
71,11,48.5,professional,151160.5
48,9,35.8,service,110917.85
43,9,48.2,technical,115400.6
34,14,26.0,professional,140705.29
55,10,30.4,sales,124387.99
61,10,43.3,technical,130905.61
18,13,18.4,technical,104272.24
50,10,39.6,professional,122922.44
75,11,29.8,sales,148870.29
34,10,41.0,professional,117015.73
34,11,29.2,sales,125312.43
68,14,44.2,professional,188487.89
21,12,40.2,management,127696.49
41,16,54.0,technical,190726.6
44,14,40.1,service,161664.93
64,8,32.3,sales,129115.95
25,11,37.5,management,127815.55
43,10,26.6,management,120662.13
26,13,44.1,sales,141717.89
63,10,45.9,service,137783.03
54,16,64.7,professional,196450.09
46,10,33.8,service,118356.82
40,12,37.3,professional,138519.78
26,9,34.2,management,94712.75
71,16,42.1,sales,194962.64
55,16,43.8,management,170628.9
36,15,39.5,management,171502.54
42,11,50.9,management,133584.58
60,8,33.8,professional,118997.03
59,14,49.9,sales,182043.43
44,11,45.4,technical,135356.52
35,16,39.9,professional,179160.28
56,14,36.9,management,155240.41
56,12,64.3,management,176084.14
52,16,31.8,professional,184310.88
22,15,43.0,professional,153794.46
45,12,32.5,professional,144591.33
53,8,57.9,technical,116753.93
73,8,48.9,professional,131530.69
48,11,33.2,service,138899.58
37,13,45.1,service,133276.05
50,8,42.6,management,117489.44
28,9,34.8,professional,104579.39
23,14,47.6,sales,158913.73
57,14,43.9,sales,157595.83
75,8,42.2,management,141578.09
67,12,39.6,service,150987.4
51,8,44.3,professional,112594.38
20,14,42.3,professional,133162.46
75,15,40.6,service,181149.99
44,15,33.6,technical,165293.32
34,13,56.9,technical,142578.23
69,13,29.5,technical,164027.21
61,16,44.3,sales,186080.93
61,13,36.8,management,149746.62
34,12,57.6,professional,138001.27
75,14,31.0,professional,175563.3
44,13,32.6,professional,141645.92
48,15,30.3,professional,163884.38
61,12,43.2,management,156958.93
56,15,26.3,management,174079.98
27,8,35.2,service,91681.62
35,8,18.5,sales,83303.69
38,8,42.4,management,105846.07
72,13,35.0,sales,167400.71
59,14,25.1,technical,149464.83
39,9,50.9,sales,111843.58
60,9,26.9,professional,114494.8
60,15,48.0,professional,180428.36
40,14,33.0,professional,145041.41
41,13,56.0,professional,158797.08
69,12,47.5,technical,149943.68
50,11,29.9,technical,118830.44
26,8,30.8,professional,88414.91
59,9,46.1,technical,127850.33
52,16,37.4,technical,170839.94
47,11,38.3,management,127667.62
60,14,52.7,sales,172234.39
70,14,32.5,service,168169.63
37,10,40.9,sales,119162.21
42,9,49.5,sales,114711.87
28,14,48.1,sales,159499.94
55,8,38.4,service,118224.6
41,12,37.1,professional,129819.3
37,15,22.6,sales,152346.85
58,14,29.4,professional,161440.61
41,14,43.2,technical,164190.53
44,8,38.6,management,103568.3
43,9,40.7,management,119861.48
32,10,50.4,management,120160.81
25,10,28.1,professional,112437.77
65,9,37.6,service,136953.49
23,16,41.9,technical,163756.48
36,9,33.0,sales,103983.97
56,14,54.3,management,176209.92
25,13,49.1,professional,138016.97
56,13,42.9,management,168410.4
60,9,57.9,sales,136740.01
56,10,25.0,service,120092.26
35,13,39.9,management,138162.68
19,10,43.7,service,99202.98
69,14,30.9,professional,172731.44
36,8,43.0,service,98953.0
64,8,28.9,technical,123280.9
29,14,46.9,service,141537.85
27,13,50.6,service,142237.83
63,8,42.7,service,130503.43
72,16,21.5,management,171558.21
67,8,30.3,management,132130.5
61,16,45.6,professional,188379.76
32,14,40.2,service,149277.57
70,16,15.0,service,184302.63
56,16,52.4,service,196093.61
27,10,41.4,professional,113204.72
25,14,31.8,technical,145321.95
68,9,49.9,sales,140807.9
33,12,33.2,professional,138773.78
62,10,33.1,service,134781.5
26,12,43.6,management,140895.59
34,15,57.8,sales,174848.74
34,11,56.2,service,120635.23
34,8,43.6,service,120179.72
57,10,44.6,professional,130482.74
71,15,47.9,management,199170.3
70,12,27.4,management,150215.27
61,13,46.4,management,169832.57
29,11,32.7,technical,111430.36
73,10,43.2,service,148691.83
49,13,37.7,sales,148095.86
49,13,45.0,sales,164012.83
58,16,41.2,professional,189439.12
62,13,15.0,management,152426.3
73,16,41.8,management,183355.61
51,15,46.4,service,174071.63
53,8,44.5,management,119650.33
61,11,39.0,management,143232.15
32,11,56.4,service,137322.28
35,8,43.1,sales,101263.32
54,9,44.4,sales,124886.0
21,14,50.4,professional,153966.54
36,11,43.6,management,112025.66
59,9,31.0,sales,124553.36
74,10,15.6,professional,127991.75
48,10,35.2,sales,116818.63
41,9,47.6,management,119434.42
43,8,36.5,professional,113565.55
57,14,48.0,management,176904.78
49,15,41.5,sales,169635.79
19,12,52.9,professional,134031.2
49,13,37.0,professional,155011.42
41,16,44.7,sales,176042.18
58,15,45.1,sales,174273.36
68,8,55.0,professional,129158.93
73,16,22.9,service,192497.75
53,8,35.4,professional,111733.94
39,8,48.5,professional,102595.8
43,11,55.5,sales,127293.69
28,14,42.4,management,152171.16
72,8,37.1,sales,122665.21
67,10,47.6,sales,144984.53
67,10,48.7,management,151508.82
37,11,36.4,sales,115056.72
36,16,43.3,management,172061.5
67,10,51.8,service,144056.25
49,9,58.9,management,131527.54
58,9,47.4,management,137100.55
46,9,40.4,professional,108163.01
43,9,39.5,service,117867.96
54,13,45.6,service,164263.25
65,11,38.8,sales,143295.22
37,12,41.9,management,134004.14
64,15,29.4,professional,177097.62
32,13,53.0,service,148467.79
41,9,28.6,management,110575.96
70,11,35.7,service,149914.58
73,10,41.0,professional,137026.8
71,15,59.9,management,202483.18
36,10,35.8,service,122232.19
66,9,33.3,management,128108.13
72,14,34.5,professional,163502.36
74,11,56.6,management,159820.96
19,8,15.0,sales,78242.78
61,14,30.0,management,155588.9
75,9,67.3,management,149542.87
62,15,45.9,sales,172884.97
31,15,28.9,technical,154960.5
62,11,39.6,management,143891.03
24,13,40.7,sales,123166.08
45,13,48.5,technical,155130.88
54,13,58.4,professional,164242.62
44,8,43.9,sales,113722.87
58,10,34.6,technical,126859.06
31,9,47.9,service,105181.03
53,14,33.0,professional,154092.98
55,8,29.7,service,106747.68
54,12,22.4,service,136197.38
34,14,24.3,sales,141997.38
35,16,31.0,sales,163668.08
32,10,28.2,technical,104943.44
44,8,43.1,technical,107667.82
51,14,28.0,technical,171247.36
39,8,15.0,service,85969.43
41,8,29.6,professional,96760.81
34,16,35.3,management,187953.03
30,15,33.9,management,155802.63
56,14,55.2,technical,164431.37
65,15,33.9,professional,182999.0
34,8,48.8,management,100158.97
67,8,39.8,professional,130133.64
51,10,39.6,management,125868.93
27,8,31.6,sales,88875.88
39,15,39.4,sales,172832.28
18,8,32.3,professional,89502.72
20,12,41.7,service,129214.08
37,15,37.6,sales,162823.62
44,14,30.6,technical,148559.52
64,10,49.9,service,146002.08
25,12,44.3,management,135662.04
66,12,35.5,professional,152565.97
31,14,41.5,service,160054.75
26,11,39.2,sales,122910.02
58,10,31.3,service,128979.0
62,15,40.7,professional,180818.41
53,15,33.8,management,169972.49
24,12,30.6,service,111424.33
24,8,23.8,service,84718.45
40,12,36.4,service,135419.89
44,16,45.7,sales,176551.99
75,16,33.1,management,196212.48
34,11,65.2,service,137445.27
29,9,48.9,service,114561.95
72,13,53.0,service,178576.71
26,15,48.0,management,159056.35
19,16,58.5,service,159942.08
42,8,32.1,service,114140.33
41,10,15.0,technical,105800.57
53,12,35.5,sales,142075.07
68,8,45.6,service,125872.96
72,15,41.5,sales,183454.68
34,9,42.8,service,119713.16
74,13,53.2,service,184766.96
54,16,43.8,service,188128.08
22,14,48.0,technical,144939.13
72,14,30.6,management,175100.53
26,10,29.0,service,104427.88
52,15,56.1,service,179437.19
63,11,41.0,sales,146495.52
32,8,33.8,sales,93533.86
33,11,33.8,service,120964.92
45,11,33.5,sales,128900.13
69,12,32.9,sales,156274.33
30,10,27.2,technical,101691.16
56,12,25.0,service,143518.09
44,11,38.0,professional,123479.32
24,10,34.1,technical,101590.08
59,14,51.1,professional,169795.22
66,10,42.9,management,132616.45
51,14,42.7,technical,169604.91
28,10,32.6,professional,100986.86
27,15,38.8,professional,149087.4
42,11,43.6,professional,139188.53
47,8,47.2,sales,110559.43
50,9,39.1,management,117622.35
32,15,50.8,management,157153.01
47,15,40.1,professional,173754.14
35,9,47.9,professional,118726.13
57,13,35.1,management,158701.63
64,13,21.9,technical,155017.38
55,9,42.7,sales,124815.99
18,12,47.3,management,121135.35
75,14,45.8,management,176210.97
19,16,44.2,technical,169344.62
75,15,36.5,professional,190950.01
19,8,31.9,management,81785.56
47,10,45.5,service,127966.27
24,11,44.3,technical,116837.59
23,9,34.4,professional,90043.37
57,13,51.1,service,163849.24
60,8,31.2,sales,111872.68
24,9,34.2,management,91760.82
74,8,56.4,service,128615.12
36,10,48.7,technical,111585.34
36,14,36.4,technical,146660.54
35,9,42.9,management,109889.16
44,16,41.5,sales,171300.11
28,10,15.0,service,101852.67
42,8,30.9,management,101417.48
30,11,39.5,technical,124112.97
20,14,36.4,management,136693.58
39,8,42.5,professional,100971.94
56,8,51.3,technical,123583.06
62,15,36.8,sales,168820.18
38,13,29.4,service,140981.92
36,11,43.2,sales,120538.09
63,14,36.7,service,174115.94
57,15,38.4,management,172237.7
66,11,37.1,service,151144.58
70,13,62.4,management,170725.73
65,8,17.6,management,106199.77
72,10,36.1,sales,142513.1
42,13,40.0,sales,153680.61
40,9,32.2,management,118898.36
36,16,49.0,service,175756.13
31,16,48.1,professional,183456.47
61,10,39.5,technical,132327.39
59,11,37.3,management,146596.16
64,9,38.9,professional,122421.74
27,12,39.0,professional,129009.5
46,9,39.2,sales,100909.63
30,11,38.1,sales,112318.54
69,12,42.5,management,160676.39
33,13,47.5,sales,135404.48
26,13,27.7,technical,130901.41
51,9,29.5,management,120175.01
68,15,22.5,professional,170120.58
71,14,48.7,sales,174010.85
23,14,42.5,service,140238.42
36,12,45.1,management,129655.71
26,16,25.7,professional,155018.08
35,11,57.8,professional,134623.68
48,15,33.9,service,163658.27
34,9,41.7,management,119970.15
21,10,48.5,service,106495.85
47,12,30.1,sales,144470.45
21,13,34.5,professional,121619.83
31,14,41.8,technical,149002.36
18,10,68.6,technical,127779.15
23,15,43.0,technical,160506.02
43,10,56.1,technical,127976.17
67,12,52.1,professional,165093.67
62,16,43.7,technical,193499.93
23,12,30.1,management,115104.34
20,14,50.6,professional,149676.18
37,16,25.0,sales,175104.8
55,16,56.0,service,195709.08
61,12,42.0,sales,155435.87
65,11,15.0,sales,135761.88
37,9,36.6,professional,98892.55
27,12,46.5,sales,133442.69
19,16,37.6,sales,150725.64
26,12,47.2,sales,126252.79
21,11,31.5,sales,123720.36
67,8,26.9,service,115500.04
33,11,39.3,professional,117538.79
65,10,40.3,management,144938.26
50,16,36.5,professional,172262.19
49,12,52.3,sales,146096.4
44,9,31.5,management,118604.38
65,8,43.1,management,124929.54
20,15,40.7,technical,139619.47
23,16,24.4,professional,156412.2
42,14,26.8,service,145412.17
40,9,40.1,management,122436.23
49,8,59.8,technical,118685.53
60,9,45.8,professional,136380.64
52,14,22.7,professional,164294.91
32,14,15.0,service,128962.73
36,15,47.3,professional,163371.93
61,8,39.0,sales,122126.03
29,9,51.4,service,105365.9
47,16,31.2,management,175151.18
49,16,43.5,management,180102.39
61,14,48.5,service,171604.87
59,8,35.5,professional,116586.19
44,8,35.7,technical,106348.89
35,8,40.3,technical,103133.31
39,14,45.4,technical,152236.21
41,15,39.9,technical,160408.56
30,13,49.7,technical,142278.83
54,10,35.4,professional,126741.29
30,14,26.7,technical,136685.17
55,8,59.8,professional,128908.11
61,15,34.0,sales,162974.58
73,16,34.3,management,188563.75
24,14,39.3,technical,140462.41
62,15,40.7,sales,173600.76
22,13,36.1,technical,140555.7
37,12,39.8,professional,133881.23
28,10,39.6,professional,112303.17
27,16,41.7,sales,162058.71
28,14,16.4,technical,132375.12
20,9,58.8,sales,100807.35
65,16,38.5,service,188924.31
21,8,45.8,professional,89232.01
41,13,26.2,service,136009.99
58,9,35.3,service,105731.72
75,13,33.3,technical,158162.91
67,11,54.7,management,164141.87
25,11,34.1,professional,119318.48
75,14,47.6,management,191087.06
55,14,33.5,sales,169786.74
28,11,35.5,service,121127.89
44,16,37.5,service,171844.04
71,12,52.8,service,157973.54
40,9,21.1,service,109421.33
28,8,26.8,technical,90212.68
68,9,20.5,technical,137462.65
73,14,29.1,sales,168589.46
74,12,31.9,technical,168114.54
73,11,23.9,management,140844.08
68,12,32.7,service,160201.02
44,15,19.9,sales,166143.58
29,13,29.8,technical,124744.56
53,8,52.0,sales,117978.97
30,8,44.0,management,93934.51
45,12,41.9,service,132490.95
56,11,30.0,technical,137663.53
72,15,24.6,management,176069.46
34,13,28.6,management,134567.69
32,14,39.6,service,151621.76
60,13,48.7,sales,151394.63
18,11,49.0,sales,125569.87
50,13,46.3,management,152891.92
61,13,32.6,sales,158796.71
49,14,40.2,sales,164313.52
40,9,36.8,technical,119504.48
66,13,38.0,professional,161104.55
39,10,60.4,professional,116473.42
59,15,22.4,management,167376.34
44,15,37.7,sales,166209.89
19,13,52.1,service,129934.59
48,16,25.3,professional,171834.49
20,12,33.6,service,116067.29
71,8,34.7,technical,115491.53
52,13,37.8,management,156229.23
39,14,24.0,sales,140701.88
46,8,46.0,service,110261.75
53,8,46.7,management,115186.96
33,10,45.1,management,125699.54
34,15,31.3,professional,154143.0
42,12,40.9,management,138344.48
32,16,31.0,professional,159927.15
61,15,36.7,management,179275.37
24,12,61.5,technical,145369.16
65,14,41.0,sales,176081.28
38,10,28.1,professional,116306.1
50,8,41.8,service,117361.48
27,11,26.5,management,102136.42
40,13,28.0,sales,132403.34
61,9,29.6,service,120003.09
33,9,35.6,technical,100299.86
25,8,49.4,professional,93162.98
48,14,45.8,sales,150455.91
27,16,45.2,service,158362.24
36,15,29.0,service,152884.51
44,11,34.6,management,127014.37
50,13,42.7,technical,148033.82
55,16,33.7,professional,180895.46
57,13,37.2,professional,152241.73
66,10,44.4,management,147489.06
21,11,36.5,management,111374.06
39,14,42.3,professional,158913.34
18,12,55.9,management,130635.42
18,15,38.3,service,137937.33
30,15,51.8,sales,162293.09
52,8,45.6,professional,108874.12
69,14,25.3,sales,165371.24
62,11,29.0,service,132137.77
55,12,31.7,management,144352.5
63,10,31.5,professional,122445.97
27,11,39.1,technical,118141.84
66,10,46.1,management,145074.1
69,8,52.6,technical,138531.88
23,15,43.1,technical,148223.89
45,9,35.5,professional,113525.83
66,11,19.2,professional,135587.5
45,9,40.7,professional,126306.25
66,9,40.3,sales,121074.77
72,11,41.8,professional,145126.81
45,16,61.1,service,206651.54
21,16,52.4,professional,165086.36
37,11,47.9,technical,117569.25
30,12,30.4,technical,119876.52
45,16,34.9,sales,156019.06
51,10,39.1,sales,128517.2
44,16,32.2,management,177137.07
29,8,45.0,management,94555.89
35,10,43.6,sales,115176.15
57,11,29.1,sales,139560.93
19,8,52.0,professional,85935.23
30,15,41.0,management,148368.51
69,15,22.7,technical,172703.38
23,11,39.5,sales,110570.31
42,15,42.8,sales,164432.52
30,14,49.7,sales,143979.84
24,15,36.6,sales,151732.93
42,15,48.3,service,168379.66
48,13,41.9,service,154891.69
28,8,26.8,sales,91098.94
22,16,25.8,management,154298.28
25,13,51.2,technical,130965.75
55,16,52.0,professional,193617.97
67,16,43.2,management,191863.58
28,9,55.0,management,111105.18
36,11,50.6,service,137467.95
37,9,46.8,professional,109345.31
38,8,30.9,management,107799.63
32,16,57.3,technical,186650.16
21,16,45.4,professional,167880.96
48,16,36.1,technical,170442.06
38,15,33.3,technical,144109.62
37,13,42.6,management,151017.41
33,12,23.3,service,122587.7
71,16,47.0,service,194042.63
53,12,30.5,management,147438.04
42,13,43.7,professional,142530.88
29,9,34.8,sales,99035.76
64,14,37.4,management,172601.34
69,15,32.4,service,172294.59
19,14,38.4,professional,137545.47
71,12,58.9,technical,175125.5
